<?xml version="1.0" ?>
<!--
 Licensed to the Apache Software Foundation (ASF) under one or more
 contributor license agreements.  See the NOTICE file distributed with
 this work for additional information regarding copyright ownership.
 The ASF licenses this file to You under the Apache License, Version 2.0
 (the "License"); you may not use this file except in compliance with
 the License.  You may obtain a copy of the License at

     http://www.apache.org/licenses/LICENSE-2.0

 Unless required by applicable law or agreed to in writing, software
 distributed under the License is distributed on an "AS IS" BASIS,
 WITHOUT WARRANTIES OR CONDITIONS OF ANY KIND, either express or implied.
 See the License for the specific language governing permissions and
 limitations under the License.
-->

<!-- Example exchange rates file for CurrencyField type named "currency" in example schema -->

<currencyConfig version="1.0">
  <rates>
    <!-- Updated from https://br.financas.yahoo.com/moedas/conversor at 2016-08-15 -->
	
	<!-- Real Brasileiro -->
    <rate from="BRL" to="ARS" rate="4.634500" comment="ARGENTINA Peso" />
    <rate from="BRL" to="EUR" rate="0.282300" comment="European Euro" />
    <rate from="BRL" to="CLP" rate="205.044200" comment="CHILE Peso" />
    <rate from="BRL" to="CNY" rate="2.099100" comment="CHINA Yuan" />
    <rate from="BRL" to="JPY" rate="31.944500" comment="JAPAN Yen" />
    <rate from="BRL" to="MXN" rate="5.703500" comment="MEXICO Peso" />
    <rate from="BRL" to="PEN" rate="1.046400" comment="PERU Sol" />
    <rate from="BRL" to="GBP" rate="0.245600" comment="UNITED KINGDOM Pound" />
    <rate from="BRL" to="USD" rate="0.316300" comment="UNITED STATES OF AMERICA Dollar" />

	<!-- Dólar Americano -->
    <rate from="USD" to="ARS" rate="14.648500" comment="ARGENTINA Peso" />
    <rate from="USD" to="EUR" rate="0.892400" comment="European Euro" />
    <rate from="USD" to="BRL" rate="3.169200" comment="BRAZIL Real" />
    <rate from="USD" to="CLP" rate="648.030000" comment="CHILE Peso" />
    <rate from="USD" to="CNY" rate="6.636200" comment="CHINA Yuan" />
    <rate from="USD" to="JPY" rate="101.112000" comment="JAPAN Yen" />
    <rate from="USD" to="MXN" rate="18.053600" comment="MEXICO Peso" />
    <rate from="USD" to="PEN" rate="3.308000" comment="PERU Sol" />
    <rate from="USD" to="GBP" rate="0.776600" comment="UNITED KINGDOM Pound" />
	
	<!-- Euro Zona EU -->
    <rate from="EUR" to="ARS" rate="16.407000" comment="ARGENTINA Peso" />
    <rate from="EUR" to="BRL" rate="3.549300" comment="BRAZIL Real" />
    <rate from="EUR" to="CLP" rate="725.750100" comment="CHILE Peso" />
    <rate from="EUR" to="CNY" rate="7.432100" comment="CHINA Yuan" />
    <rate from="EUR" to="JPY" rate="113.238600" comment="JAPAN Yen" />
    <rate from="EUR" to="MXN" rate="20.218800" comment="MEXICO Peso" />
    <rate from="EUR" to="PEN" rate="3.704700" comment="PERU Sol" />
    <rate from="EUR" to="GBP" rate="0.869700" comment="UNITED KINGDOM Pound" />
    <rate from="EUR" to="USD" rate="1.119900" comment="UNITED STATES OF AMERICA Dollar" />
		
  </rates>
</currencyConfig>
